[
    {
        "category": "дом",
        "name": "комфорт 1",
        "image": "media/products_images/product-1.jpg",
        "short_desc": "комфортный стул",
        "description": "подойдет для просмотра фильмов",
        "price": "2989.5",
        "quantity": "17"
    },
    {
        "category": "дом",
        "name": "комфорт 2",
        "image": "media/products_images/product-2.jpg",
        "short_desc": "очень комфортный стул",
        "description": "подойдет для общения с друзьями",
        "price": "3687.2",
        "quantity": "21"
    },
    {
        "category": "дом",
        "name": "люкс",
        "image": "media/products_images/product-3.jpg",
        "short_desc": "использованы премиальные материалы",
        "description": "для тех, кто стремится к лучшему",
        "price": "8157.99",
        "quantity": "7"
    },
    {
        "category": "офис",
        "name": "стандарт",
        "image": "media/products_images/product-4.jpg",
        "short_desc": "универсальное решение",
        "description": "подойдет для любого офиса",
        "price": "1895.25",
        "quantity": "27"
    },
    {
        "category": "офис",
        "name": "премиум",
        "image": "media/products_images/product-5.jpg",
        "short_desc": "улучшенный дизайн",
        "description": "идеально впишется в строгий интерьер офиса",
        "price": "3587.41",
        "quantity": "9"
    },
    {
        "category": "модерн",
        "name": "новинка",
        "image": "media/products_images/product-6.jpg",
        "short_desc": "инновационный дизайн",
        "description": "нестандартное решение для современного интерьера",
        "price": "5361.47",
        "quantity": "18"
    },
    {
        "category": "модерн",
        "name": "прогресс",
        "image": "media/products_images/product-7.jpg",
        "short_desc": "прогрессивный дизайн",
        "description": "функциональное и комфортное решение",
        "price": "6789.33",
        "quantity": "12"
    },
    {
        "category": "классика",
        "name": "венеция",
        "image": "media/products_images/product-8.jpg",
        "short_desc": "классические формы",
        "description": "окунитесь в европейский комфорт",
        "price": "4147.51",
        "quantity": "25"
    },
    {
        "category": "классика",
        "name": "тоскана",
        "image": "media/products_images/product-9.jpg",
        "short_desc": "эргономичная спинка",
        "description": "почувствуйте комфорт и насладитесь цветовой гаммой",
        "price": "7147.35",
        "quantity": "18"
    },
    {
        "category": "классика",
        "name": "рим",
        "image": "media/products_images/product-10.jpg",
        "short_desc": "удачные пропорции",
        "description": "компактность и функциональность",
        "price": "8357.77",
        "quantity": "8"
    }
]